,heavy,car,bike,pedestrian
heavy,1.0,0.5081737521132618,0.2933938727173006,-0.003411744041630767
car,0.5081737521132618,1.0,0.7087279564728567,0.23253143513683
bike,0.2933938727173006,0.7087279564728567,1.0,0.537325048219312
pedestrian,-0.003411744041630767,0.23253143513683,0.537325048219312,1.0
